country,year,year_month,month,n_users,pct_is_hired_1mo,pct_is_unemployed,pct_job_offer,pct_job_search,pct_lost_job_1mo,pct_is_hired_1mo_male,pct_is_unemployed_male,pct_job_offer_male,pct_job_search_male,pct_lost_job_1mo_male,pct_is_hired_1mo_female,pct_is_unemployed_female,pct_job_offer_female,pct_job_search_female,pct_lost_job_1mo_female
Brazil,2012,2012_1,1,905864,0.499633499,0.845270372,0.831912958,0.277304319,0.00838978,0.740248416,1.193909719,0.812809834,0.339026457,0.017683035,0.848089641,1.550722047,0.515263765,0.547313664,0.006779786
Brazil,2012,2012_2,2,856859,0.420489252,0.781458793,0.788461112,0.260252854,0.00746914,0.567369634,1.054765968,0.746207565,0.303520714,0.013223932,0.695162108,1.395459301,0.416583756,0.496177571,0.005135085
Brazil,2012,2012_3,3,867746,0.39228069,0.767390458,0.90118537,0.249496973,0.006799225,0.556124967,1.029368966,0.89334295,0.319502967,0.013286262,0.680285231,1.418439716,0.511821403,0.496389602,0.009644876
Brazil,2012,2012_4,4,850520,0.304402013,0.658185581,0.793396981,0.194939566,0.005643606,0.432360575,0.857124771,0.722922074,0.232322593,0.005697284,0.518814324,1.184377131,0.451284049,0.380507126,0.011038603
Brazil,2012,2012_5,5,860214,0.300622868,0.655069552,0.829909767,0.199717745,0.005463757,0.411314268,0.809501485,0.718237225,0.23628692,0.008751367,0.486886015,1.194728335,0.482975284,0.380644488,0.007821462
Brazil,2012,2012_6,6,821148,0.278999644,0.612557054,0.827987159,0.170249456,0.007793966,0.399768965,0.799537929,0.751513736,0.214161945,0.018820292,0.453014916,1.077769814,0.447605782,0.308996741,0.003380708
Brazil,2012,2012_7,7,838191,0.30470382,0.607140855,0.850522136,0.177286561,0.008709232,0.424054289,0.778279279,0.761774172,0.208218274,0.019679166,0.479525143,1.051754035,0.466186475,0.334133653,0.008003201
Brazil,2012,2012_8,8,797313,0.295116222,0.615943801,0.923100464,0.187003097,0.008528646,0.395214626,0.774379928,0.821859181,0.224690549,0.020730378,0.48741031,1.101031302,0.511815691,0.354226663,0.005578373
Brazil,2012,2012_9,9,781449,0.244417742,0.503551735,0.79071059,0.147546417,0.005502598,0.330268496,0.661896122,0.699951751,0.173968591,0.008154778,0.385793714,0.863071599,0.423380234,0.263105639,0.008510155
Brazil,2012,2012_10,10,796301,0.2382265,0.53233639,0.820041668,0.163129269,0.005274387,0.295210362,0.618535998,0.766475884,0.170699869,0.010041169,0.366196009,0.926955362,0.476680193,0.298098838,0.006253822
Brazil,2012,2012_11,11,771058,0.233445474,0.531996296,0.818485769,0.152517709,0.007003364,0.28194311,0.609832505,0.756721385,0.171254334,0.006961558,0.37646722,0.908960779,0.460921844,0.269109648,0.007872889
Brazil,2012,2012_12,12,769112,0.250808725,0.498626988,0.662062222,0.137301199,0.003510542,0.303358463,0.576172824,0.577561192,0.133283352,0.00833021,0.384075687,0.829632416,0.448449954,0.253157232,0.002169919
Brazil,2013,2013_1,1,775480,0.359003456,0.729354722,1.034456079,0.27776345,0.007350286,0.474288917,0.797253748,0.978702536,0.279529214,0.011909766,0.548379853,1.308287997,0.829451693,0.556348384,0.009417355
Brazil,2013,2013_2,2,755515,0.298736623,0.639563741,1.036511519,0.222894317,0.005029682,0.379118442,0.738923304,0.976408818,0.244638693,0.010729767,0.484955198,1.125842143,0.867696761,0.392440668,0.00298434
Brazil,2013,2013_3,3,791402,0.266994524,0.623450535,1.153901557,0.20874347,0.008086914,0.330868582,0.725552488,1.374110401,0.240694755,0.013179252,0.434490798,1.042071426,0.807517044,0.370906779,0.008477869
Brazil,2013,2013_4,4,779030,0.278423167,0.626163306,0.954006906,0.210774938,0.006546603,0.357075343,0.700847879,0.929096039,0.217745944,0.012602659,0.436208948,1.13919031,0.586178305,0.396553589,0.008652078
Brazil,2013,2013_5,5,778912,0.260491557,0.607899224,0.963780247,0.190907317,0.005135368,0.331581582,0.690968747,0.939133578,0.198809921,0.009036815,0.395639241,1.103280751,0.606549866,0.353457116,0.005818224
Brazil,2013,2013_6,6,788603,0.233577605,0.543873153,0.819296909,0.162312342,0.0058331,0.289325939,0.611717701,0.801157304,0.179795405,0.011710812,0.373416763,0.945796899,0.491641376,0.30349123,0.003604409
Brazil,2013,2013_7,7,784198,0.269574776,0.626244902,0.885363135,0.210533564,0.007013535,0.361152603,0.736330549,0.819080078,0.231418173,0.016129145,0.425038362,1.067638732,0.53093775,0.386136545,0.00720404
Brazil,2013,2013_8,8,762534,0.276315548,0.635906071,0.930319173,0.220580328,0.009966769,0.350406798,0.715709432,0.902262039,0.22556551,0.017023812,0.462880276,1.085015181,0.564833006,0.404834197,0.004465083
Brazil,2013,2013_9,9,763131,0.241374024,0.568578658,0.865906378,0.180833959,0.007862346,0.318668923,0.666948675,0.849548787,0.174139876,0.017625494,0.379586042,0.916087574,0.477471419,0.330269745,0.005230516
Brazil,2013,2013_10,10,757317,0.231343018,0.619027435,0.794779465,0.200312419,0.007262481,0.28649815,0.665875998,0.721603818,0.207907635,0.017861481,0.386572788,1.062136884,0.421852247,0.361802105,0.004503761
Brazil,2013,2013_11,11,728951,0.234446485,0.573289563,0.733794178,0.181768048,0.00397832,0.276060153,0.595277958,0.613136296,0.166677828,0.00297639,0.386787104,1.018228701,0.413970937,0.34173961,0.003883405
Brazil,2013,2013_12,12,718258,0.251441683,0.54910631,0.59713919,0.158160438,0.007935867,0.259357545,0.563068989,0.552544335,0.147345156,0.017290503,0.421670035,0.931320097,0.327349106,0.266317917,0.011889193
Brazil,2014,2014_1,1,709885,0.338364665,0.787451489,0.865914902,0.312867577,0.006620791,0.396810256,0.787515739,0.767675226,0.278530276,0.00915716,0.523251112,1.282652649,0.443995148,0.551556814,0.001617469
Brazil,2014,2014_2,2,702221,0.275839088,0.64295998,0.815412812,0.252057401,0.005553807,0.301764867,0.59895754,0.692687536,0.197366416,0.009906422,0.413209481,1.11401276,0.404118872,0.458662524,0.002479257
Brazil,2014,2014_3,3,723789,0.226999858,0.585806084,0.744968492,0.222716842,0.004144854,0.239221931,0.569647222,0.643656507,0.205581347,0.006728117,0.36066557,1.006621658,0.376875258,0.387411556,0.005673391
Brazil,2014,2014_4,4,724440,0.203881619,0.530892828,0.72455966,0.188283364,0.005521506,0.222258685,0.497471621,0.643655186,0.164083593,0.008950014,0.314309212,0.915242368,0.34525157,0.359094203,0.004885635
Brazil,2014,2014_5,5,724236,0.198554062,0.569427645,0.754588283,0.202558282,0.004694602,0.218205188,0.562700364,0.660593787,0.18308312,0.006725502,0.317825319,1.015891266,0.357245514,0.372849341,0.00410627
Brazil,2014,2014_6,6,729408,0.168904098,0.49217996,0.646003334,0.177404141,0.004387119,0.192192103,0.457105542,0.545410022,0.157315544,0.004452327,0.270918166,0.839025351,0.357940365,0.31525023,0.008209641
Brazil,2014,2014_7,7,760257,0.18427979,0.555075455,0.727911746,0.20519377,0.006313654,0.187766303,0.531523074,0.64634939,0.179822344,0.005777425,0.306549735,0.948882042,0.360274947,0.357904717,0.006320613
Brazil,2014,2014_8,8,713661,0.194490101,0.51242817,0.723592854,0.182859929,0.008687598,0.212569104,0.486309173,0.665998884,0.156750598,0.01299883,0.301001082,0.851427219,0.331439394,0.318756764,0.003382035
Brazil,2014,2014_9,9,701924,0.164120332,0.465292539,0.785555131,0.161271021,0.008263003,0.166783776,0.405377232,0.701109575,0.125859979,0.01081006,0.243342957,0.762300158,0.402955003,0.278230836,0.010466364
Brazil,2014,2014_10,10,726913,0.158203251,0.478461659,0.934637295,0.148160784,0.005915426,0.162719766,0.477563593,1.093628197,0.131689485,0.010595706,0.240800407,0.745294217,0.61387146,0.256910293,0.001695778
Brazil,2014,2014_11,11,690063,0.165347222,0.447930117,0.70993518,0.144769391,0.003767772,0.158405069,0.361611572,0.65282089,0.108803482,0.008800282,0.268922529,0.747996438,0.327693678,0.269813001,0.005342832
Brazil,2014,2014_12,12,681785,0.175568544,0.438554676,0.591828802,0.140220157,0.00425354,0.18467819,0.389606182,0.578334332,0.110968913,0.004859952,0.262883561,0.717037574,0.316366768,0.259257581,0.004532475
Brazil,2015,2015_1,1,692222,0.243130094,0.681717715,0.762616617,0.288491264,0.007078654,0.244429151,0.548185766,0.656557267,0.204877509,0.007910329,0.351928978,1.046944496,0.394372673,0.441237587,0.006189706
Brazil,2015,2015_2,2,690674,0.195895603,0.607088149,0.689905802,0.256705769,0.004633155,0.172409684,0.479092346,0.619721443,0.177176772,0.006356117,0.285519933,0.957700088,0.354438537,0.446628359,0.004475234
Brazil,2015,2015_3,3,721271,0.184673999,0.62001661,0.747291933,0.255382512,0.005823054,0.176394133,0.519898496,0.684687751,0.1825834,0.004641951,0.248970687,0.926382095,0.401168315,0.431079987,0.007038041
Brazil,2015,2015_4,4,689558,0.162857947,0.554268096,0.736558781,0.22086612,0.005655797,0.158747044,0.459875457,0.645625864,0.157110476,0.007364554,0.233819499,0.884489334,0.445598635,0.349770972,0.00574966
Brazil,2015,2015_5,5,705913,0.151293431,0.586049556,0.728418375,0.224531918,0.007224686,0.134574134,0.463261261,0.645955843,0.162304562,0.008971609,0.213356715,0.907983828,0.414048419,0.362414146,0.011690779
Brazil,2015,2015_6,6,727470,0.15148391,0.573219514,0.695698792,0.221040043,0.004811195,0.150455865,0.435013696,0.674598307,0.142278916,0.007359254,0.197916566,0.933586924,0.382316879,0.371696966,0.00289634
Brazil,2015,2015_7,7,779903,0.159122352,0.606485678,0.721115318,0.235029228,0.00602639,0.140122174,0.472321935,0.711631715,0.174759116,0.006297626,0.22679425,0.918019752,0.421060241,0.390339107,0.007228502
Brazil,2015,2015_8,8,795605,0.155730545,0.619528535,0.693685937,0.244090975,0.008169883,0.168073736,0.508093873,0.692432809,0.178142669,0.010068933,0.213999663,0.916380298,0.40580019,0.40580019,0.007103723
Brazil,2015,2015_9,9,822112,0.140248531,0.566346191,0.669981706,0.201675684,0.005352069,0.130583777,0.47478148,0.697453239,0.161531378,0.007548195,0.198446937,0.823123382,0.425366695,0.283865401,0.002588438
Brazil,2015,2015_10,10,810488,0.131402316,0.558552378,0.635666413,0.20296414,0.005675593,0.116879397,0.452810911,0.634709311,0.166417685,0.006966322,0.180965917,0.855394991,0.396359495,0.329269692,0.005296563
Brazil,2015,2015_11,11,797122,0.144018105,0.555372954,0.645321544,0.202603867,0.00476715,0.140919361,0.48022799,0.643977862,0.160600836,0.003936295,0.226050776,0.845664058,0.455703955,0.333222259,0.005403604
Brazil,2015,2015_12,12,801986,0.149379166,0.50861237,0.51684194,0.163344497,0.004114785,0.128349489,0.433868517,0.58505319,0.122837547,0.00157484,0.228995147,0.784217509,0.328953347,0.27170456,0.006360976
Brazil,2016,2016_1,1,811558,0.196905212,0.728845012,0.766673485,0.310020972,0.006900308,0.172611319,0.530817994,0.779806003,0.186359123,0.013747804,0.26231982,1.058052517,0.613249344,0.485160068,0.00701859
Brazil,2016,2016_2,2,812571,0.17056971,0.686340024,0.714276045,0.288097902,0.005537978,0.14645797,0.497206033,0.726281319,0.188517695,0.007510665,0.220777628,0.961959664,0.506386781,0.435422544,0.00525661
Brazil,2016,2016_3,3,853578,0.163429704,0.72963455,0.69308253,0.28526977,0.006560619,0.136351241,0.546840239,0.691803138,0.188021185,0.010764572,0.24151551,1.033988276,0.462904727,0.418459165,0.005031573
Brazil,2016,2016_4,4,866351,0.148784961,0.675823079,0.648005254,0.24793646,0.006117613,0.12492772,0.529693534,0.688173271,0.161335227,0.011421963,0.203327172,0.962863384,0.414216098,0.360443623,0.00504117
Brazil,2016,2016_5,5,891091,0.157559666,0.718445142,0.629116443,0.2567639,0.004152213,0.157747506,0.617669123,0.635897724,0.179481607,0.0028044,0.219505326,1.062737107,0.421615891,0.407534417,0.00414161
Brazil,2016,2016_6,6,894561,0.139509771,0.692406667,0.633159729,0.269070527,0.004471467,0.121473409,0.523810193,0.621410215,0.178348242,0.003510792,0.197150431,1.03462558,0.367793241,0.439032472,0.005798542
Brazil,2016,2016_7,7,929291,0.158400329,0.675568794,0.612725185,0.25879945,0.006133708,0.132174443,0.559146333,0.673328443,0.179923325,0.00484409,0.228401434,0.995700201,0.391777548,0.43079274,0.002438449
Brazil,2016,2016_8,8,938829,0.160945177,0.705346767,0.6056481,0.267034785,0.005645331,0.140425386,0.576771586,0.601431654,0.187690516,0.005480015,0.220689217,0.985163016,0.388190745,0.406449206,0.005556923
Brazil,2016,2016_9,9,918740,0.157280623,0.665585476,0.593421425,0.238261097,0.00598646,0.132312701,0.561116691,0.609608257,0.169027744,0.009698313,0.207596557,0.911619663,0.370063428,0.356934792,0.003282159
Brazil,2016,2016_10,10,944194,0.148062792,0.649019163,0.589815229,0.233850247,0.006142805,0.151831467,0.511753382,0.626304802,0.161998753,0.00677819,0.187329978,0.929319585,0.3990943,0.348596654,0.002443434
Brazil,2016,2016_11,11,973574,0.154379636,0.662610135,0.520248076,0.236037528,0.00451943,0.134596571,0.529850893,0.525254913,0.143131964,0.003939412,0.217688168,0.973572174,0.333360109,0.400835408,0.004016387
Brazil,2016,2016_12,12,932708,0.178298031,0.640822208,0.431539131,0.216144817,0.004931876,0.144116707,0.471778278,0.426911756,0.144796503,0.006797958,0.230756274,0.907023749,0.262758969,0.310763012,0.002526529
Brazil,2017,2017_1,1,939826,0.223445617,0.927937725,0.569786322,0.392306661,0.005852147,0.180804886,0.665659938,0.608777502,0.232269948,0.004740203,0.276198897,1.2689992,0.383983832,0.543135026,0.005052419
Brazil,2017,2017_2,2,921539,0.195216914,0.832194839,0.519674154,0.335200138,0.005317192,0.140226296,0.557451335,0.503571281,0.184435572,0.007598469,0.22196211,1.091602723,0.314735336,0.435253826,0.004335197
Brazil,2017,2017_3,3,957885,0.196056938,0.927877564,0.571780537,0.377393946,0.004593453,0.146553296,0.620656586,0.551094422,0.215440099,0.002701443,0.224802979,1.161340674,0.371561151,0.499656433,0.007634818
Brazil,2017,2017_4,4,953296,0.160600695,0.771743509,0.502677028,0.293612897,0.004615565,0.136704005,0.506008855,0.518931124,0.165269021,0.005440955,0.190051942,0.970898834,0.315606618,0.395583227,0.004299818
Brazil,2017,2017_5,5,976671,0.163309856,0.802624425,0.53805222,0.303582271,0.003276436,0.121565117,0.541699507,0.546375089,0.177004155,0.002003821,0.195457129,0.993645491,0.329780089,0.389192168,0.002583134
Brazil,2017,2017_6,6,956155,0.16346722,0.775397294,0.516234293,0.299951368,0.005124692,0.121922977,0.530603348,0.506082526,0.185949569,0.006130206,0.171610908,0.960842324,0.314619998,0.403106872,0.001787614
Brazil,2017,2017_7,7,1000080,0.172986161,0.799136069,0.516158707,0.300275978,0.003799696,0.135042542,0.528195951,0.520878375,0.164312846,0.002660937,0.201543702,0.98307561,0.337959744,0.403087403,0.001760207
Brazil,2017,2017_8,8,1013013,0.194370655,0.873137857,0.474130144,0.323885281,0.00710751,0.144738842,0.553840867,0.528065456,0.170514252,0.005287264,0.22542355,1.038181114,0.292346166,0.40417738,0.003522243
Brazil,2017,2017_9,9,1015378,0.173629919,0.750656406,0.430086135,0.270638127,0.006007615,0.128203425,0.500856904,0.470300647,0.151452751,0.005978398,0.203606748,0.836462355,0.303206586,0.329649021,0.001762829
Brazil,2017,2017_10,10,1018632,0.174842338,0.795576813,0.425472595,0.294119957,0.005203057,0.123140347,0.532046606,0.469807192,0.174002664,0.004015446,0.203208365,0.954273642,0.263186164,0.348229312,0.001790382
Brazil,2017,2017_11,11,1025960,0.192600101,0.770692815,0.394654762,0.269406215,0.004970954,0.157228479,0.464294353,0.450184105,0.131023732,0.004031499,0.215396311,0.90955165,0.247072239,0.308614042,0.005430159
Brazil,2017,2017_12,12,1017364,0.210249232,0.793521296,0.293012137,0.251925564,0.005602714,0.141883642,0.462486102,0.323330991,0.119373256,0.007503462,0.232386676,0.900615031,0.166123809,0.282783787,0.003733119
Brazil,2018,2018_1,1,1059904,0.259174416,1.072455619,0.429001117,0.426548065,0.006887416,0.176204655,0.603211555,0.458517952,0.190352474,0.008360075,0.262967473,1.140996453,0.262967473,0.459751858,0.005294647
Brazil,2018,2018_2,2,1049292,0.221482676,0.939681233,0.395123569,0.346424065,0.007433584,0.141021521,0.50702156,0.438150585,0.158075286,0.005903226,0.201282843,0.954527969,0.258536629,0.356046984,0.005367542
Brazil,2018,2018_3,3,1111760,0.235122688,0.939051594,0.424462114,0.34494855,0.005037058,0.162484431,0.532341989,0.446990245,0.159323256,0.003793411,0.219731173,1.020548298,0.28067224,0.363929755,0.004291624
Brazil,2018,2018_4,4,1123735,0.199424241,0.832313668,0.424299323,0.307723796,0.005161359,0.136927203,0.453923058,0.492062599,0.136301965,0.008128099,0.155282197,0.862293319,0.316636883,0.322709371,0.003469993
Brazil,2018,2018_5,5,1134559,0.200782859,0.881928573,0.379971425,0.300116609,0.004847699,0.129362841,0.462551035,0.482744259,0.130624917,0.003786229,0.162068875,0.884808452,0.25492996,0.311873078,0
Brazil,2018,2018_6,6,1150556,0.193210935,0.827426044,0.350439266,0.281255324,0.006084015,0.127061574,0.436456507,0.392620264,0.121979111,0.003811847,0.177350789,0.827934086,0.250430009,0.274492679,0.00445605
Brazil,2018,2018_7,7,1202647,0.221511383,0.915148003,0.368686739,0.319960886,0.007483493,0.119907801,0.45043086,0.440490317,0.118665234,0.011183111,0.226513442,0.822969687,0.237008273,0.298228123,0.002623708
Brazil,2018,2018_8,8,1225178,0.249678006,0.975450098,0.375374027,0.336930634,0.010365841,0.148079253,0.506039431,0.427104622,0.151750639,0.011626057,0.234057078,0.875054303,0.263314213,0.315622423,0.00265974
Brazil,2018,2018_9,9,1270763,0.207513124,0.815651699,0.33774984,0.251030287,0.008262752,0.120695012,0.384790038,0.420640042,0.109342511,0.005377501,0.156370807,0.744498788,0.21631295,0.243243478,0.006081087
Brazil,2018,2018_10,10,1373987,0.210118436,0.925045142,0.337412217,0.274238403,0.007641994,0.11108844,0.554875422,0.428483983,0.123557551,0.006801333,0.158775627,0.846257724,0.212792078,0.272537546,0.005729017
Brazil,2018,2018_11,11,1361815,0.227196793,0.982512309,0.346229113,0.300554774,0.006608827,0.117808871,0.536233482,0.462530395,0.125353282,0.006383732,0.195242865,0.802193511,0.270793365,0.248722433,0.000848882
Brazil,2018,2018_12,12,1342795,0.27867247,1.039250221,0.296322223,0.291034745,0.008340812,0.132338787,0.496270452,0.376564004,0.10466795,0.006015399,0.212851585,0.83083665,0.224477932,0.252202298,0.003577338
Brazil,2019,2019_1,1,1442487,0.348772641,1.478210895,0.409015818,0.519311439,0.008942888,0.171338268,0.578335967,0.511242341,0.153594499,0.007208406,0.259521291,1.103378736,0.354568897,0.402505951,0.002479503
Brazil,2019,2019_2,2,1401954,0.341523331,1.379931153,0.371838163,0.470058219,0.012696565,0.152825185,0.575621707,0.450150447,0.142121475,0.012487661,0.266690061,1.050969383,0.320203527,0.357048864,0.007895429
Brazil,2019,2019_3,3,1493539,0.331896254,1.431633188,0.358477415,0.478260025,0.01071281,0.146257759,0.564877408,0.47735308,0.161229026,0.008061451,0.246175488,1.034104516,0.293903389,0.342468621,0.008373316
Brazil,2019,2019_4,4,1499074,0.329069812,1.396462083,0.352017312,0.453613364,0.010406424,0.135181793,0.536045552,0.438901926,0.152152668,0.008778039,0.225295755,0.993389005,0.287926235,0.334899095,0.006958942
Brazil,2019,2019_5,5,1524969,0.330564097,1.478521858,0.333908427,0.47823923,0.00950839,0.142373243,0.557628536,0.424746843,0.140593578,0.007711884,0.21555532,1.0212375,0.268560727,0.315382169,0.003533694
Brazil,2019,2019_6,6,1528930,0.315187746,1.35434585,0.309562897,0.426507427,0.02106048,0.13642231,0.517548314,0.466772297,0.116846014,0.013458703,0.190001298,0.878640147,0.250245611,0.273416501,0.011122027
Brazil,2019,2019_7,7,1558538,0.366818133,1.478308517,0.328384678,0.490587974,0.013281678,0.131356143,0.494920066,0.456322526,0.110812291,0.00622541,0.236948639,0.856660463,0.282036032,0.275320888,0.000959306
Brazil,2019,2019_8,8,1586521,0.398544992,1.533985368,0.315281046,0.497503657,0.017270493,0.140490324,0.513865509,0.419572454,0.125302181,0.011391107,0.241426395,0.858844715,0.266162706,0.277046682,0.009894524
Brazil,2019,2019_9,9,1611330,0.371308174,1.508877759,0.321845929,0.46384043,0.016880465,0.144309441,0.458697865,0.443880378,0.097280025,0.007086624,0.22246828,0.782194411,0.29154519,0.246848366,0.008126695
Brazil,2019,2019_10,10,1661044,0.403420981,1.61825936,0.337739398,0.509739658,0.017338493,0.149569176,0.447406926,0.454560234,0.115753536,0.009754511,0.22552306,0.826234482,0.283954034,0.236799213,0.007175734
Brazil,2019,2019_11,11,1711582,0.40290211,1.602961471,0.321982821,0.475116004,0.016359134,0.128195117,0.422978812,0.46592743,0.087849446,0.00585663,0.20436457,0.74762516,0.286521181,0.18279846,0.005134788
Brazil,2019,2019_12,12,1712750,0.468427967,1.719340242,0.280251058,0.475317472,0.016581521,0.161355658,0.430731839,0.380772347,0.076964623,0.006076154,0.2080985,0.78470476,0.23194312,0.205930807,0.003251539
Brazil,2020,2020_1,1,1792439,0.569782291,2.284150256,0.359677512,0.803653569,0.018075929,0.191856042,0.513380305,0.457146638,0.135622374,0.007277298,0.233199519,0.81353622,0.348202021,0.268339172,0.006389028
Brazil,2020,2020_2,2,1779891,0.480422678,1.811178325,0.272432413,0.576271244,0.020506874,0.172359084,0.429815958,0.296399931,0.094472971,0.012981019,0.197489892,0.703484703,0.155421039,0.203332788,0.005842896
Brazil,2020,2020_3,3,1885139,0.393074463,1.768516804,0.377744028,0.422621356,0.03050173,0.122459141,0.574615969,0.359303194,0.072668062,0.010765639,0.165945784,0.754785662,0.161663312,0.153098368,0.006423708
Brazil,2020,2020_4,4,1967968,0.245735703,1.250934975,0.266569375,0.199901624,0.029573652,0.08649102,0.458009265,0.262094,0.042590275,0.02096752,0.10547767,0.592927876,0.165896919,0.079876294,0.016384881
Brazil,2020,2020_5,5,1973115,0.26820535,1.212245612,0.268509438,0.259842939,0.019512294,0.079451511,0.380134383,0.291093897,0.047944877,0.011643756,0.11181472,0.59892835,0.141705783,0.094101497,0.011070764
Brazil,2020,2020_6,6,1966798,0.288794274,1.228646765,0.246085261,0.344519366,0.012812704,0.085708475,0.350823673,0.262209826,0.04575961,0.008716116,0.140339193,0.484051283,0.152232345,0.092766585,0.001189315
Brazil,2020,2020_7,7,1870008,0.359944984,1.474485671,0.261496208,0.44545264,0.014598868,0.101663084,0.380266497,0.265410494,0.056651948,0.004656324,0.157419901,0.55956822,0.129639919,0.130962775,0.005291425
Brazil,2020,2020_8,8,1877846,0.430439983,1.597468589,0.296296927,0.499561732,0.015656236,0.109864239,0.339794397,0.289570745,0.062779565,0.005493212,0.187452966,0.548676199,0.128617363,0.132722173,0.004104809
Brazil,2020,2020_9,9,1894447,0.450263322,1.778830445,0.311330958,0.575471364,0.01704983,0.12346269,0.403842478,0.29471739,0.070094947,0.007965335,0.177723473,0.580378218,0.124961817,0.15273111,0.005553859
Brazil,2020,2020_10,10,1884286,0.504328961,1.885223368,0.317733083,0.606701955,0.021546623,0.127425189,0.388030253,0.300887866,0.066589938,0.00822098,0.185171996,0.611067588,0.170927997,0.176625596,0.0028488
Brazil,2020,2020_11,11,1900657,0.497933083,1.860461935,0.310155909,0.570381715,0.017783324,0.137096316,0.400743078,0.274192632,0.064086444,0.005678546,0.153661803,0.534291957,0.148022838,0.133925425,0.008458448
Brazil,2020,2020_12,12,1817747,0.500124605,1.714540032,0.266758795,0.480594934,0.019034552,0.145038893,0.369503846,0.250364756,0.062159526,0.006906614,0.21320672,0.545869687,0.098286786,0.114919934,0.007560522
Brazil,2021,2021_1,1,1852167,0.534617019,2.143813166,0.337226611,0.704418122,0.023000086,0.136364017,0.425823831,0.298662294,0.065253947,0.008365891,0.229143682,0.671871906,0.148519053,0.200854338,0.008486803
Brazil,2021,2021_2,2,1872978,0.467063681,1.955762428,0.424404344,0.59488152,0.017245264,0.127953667,0.429318226,0.345138182,0.085021845,0.006734404,0.159369007,0.65233246,0.178277194,0.156667837,0.009454094
Brazil,2021,2021_3,3,1858100,0.408051235,1.792637641,0.313007911,0.49728217,0.01700662,0.124453385,0.423652963,0.294937475,0.059669431,0.006819364,0.142771995,0.608513647,0.116435413,0.137227451,0.002772272
Brazil,2021,2021_4,4,1527435,0.364139882,1.419373001,0.288981201,0.404927215,0.013879478,0.132867133,0.304695305,0.262737263,0.048951049,0.005994006,0.142880604,0.507472491,0.119888323,0.151092133,0.004926917
Brazil,2021,2021_5,5,1149618,0.325847368,1.189525564,0.260260365,0.340286947,0.013482739,0.099982503,0.247456695,0.246206914,0.042492564,0.004999125,0.124929475,0.441283147,0.147094382,0.102764568,0.004029983
Brazil,2021,2021_6,6,754719,0.184439507,0.690190654,0.162047067,0.196496974,0.007154981,0.051420736,0.171402453,0.139026434,0.020949189,0.003808943,0.06827714,0.253600806,0.084533602,0.055271971,0
Mexico,2012,2012_1,1,432787,0.229674182,0.40273853,0.290905226,0.123617391,0.014556814,0.280117107,0.491560343,0.190660353,0.146383779,0.018072071,0.345319144,0.613217981,0.168358444,0.212598619,0.018433406
Mexico,2012,2012_2,2,434494,0.170313054,0.341086413,0.270199358,0.08538668,0.01081718,0.204221772,0.435197489,0.170333443,0.108799372,0.016944165,0.267545746,0.507620276,0.171993694,0.134967273,0.009555205
Mexico,2012,2012_3,3,464987,0.160649653,0.352913092,0.26903978,0.099572676,0.013548766,0.197984916,0.419459568,0.185401129,0.117448679,0.018456221,0.243940649,0.530403062,0.146588188,0.163373095,0.016784907
Mexico,2012,2012_4,4,476498,0.156978623,0.32445047,0.237776444,0.08121755,0.014060919,0.190768127,0.399471719,0.181800395,0.090492573,0.02038121,0.248095756,0.475516866,0.150163221,0.1218716,0.016322089
Mexico,2012,2012_5,5,522109,0.168930243,0.39512822,0.256076796,0.11434394,0.015514002,0.21402303,0.508681498,0.183125339,0.135648399,0.021854464,0.265864058,0.582894407,0.159518435,0.195635816,0.020065212
Mexico,2012,2012_6,6,543001,0.202946219,0.459299338,0.240331049,0.12394084,0.015285423,0.240275014,0.579699656,0.175140221,0.149086304,0.020987878,0.292880601,0.658741286,0.147880697,0.20261576,0.024006607
Mexico,2012,2012_7,7,565116,0.19641985,0.425930251,0.248798477,0.121567961,0.01468725,0.240139871,0.527324687,0.162199737,0.15236945,0.017554084,0.288490878,0.635234722,0.167361695,0.171984947,0.022191606
Mexico,2012,2012_8,8,567272,0.232516324,0.377596638,0.269006755,0.098012946,0.015160276,0.270115875,0.44220014,0.178431635,0.116368458,0.018336848,0.361423735,0.56272303,0.192149327,0.148229481,0.02287492
Mexico,2012,2012_9,9,565766,0.174984004,0.340069923,0.252754672,0.093678305,0.011842352,0.202424852,0.414050833,0.157126983,0.121738023,0.012740026,0.238429301,0.463103066,0.173319761,0.145808688,0.01742368
Mexico,2012,2012_10,10,571898,0.159993565,0.300752931,0.257213699,0.08637904,0.010316525,0.179437947,0.356781288,0.194798394,0.097748298,0.00977483,0.2201406,0.450246413,0.149478185,0.137701116,0.01721264
Mexico,2012,2012_11,11,576435,0.145202842,0.289538283,0.243219097,0.076851683,0.012837527,0.175487272,0.348893667,0.184504405,0.0894777,0.016647014,0.212442276,0.42668491,0.147629378,0.132326333,0.015303045
Mexico,2012,2012_12,12,610685,0.127725423,0.28967471,0.170136814,0.068775228,0.015392551,0.155707508,0.353157881,0.136492539,0.076197291,0.02186531,0.163379526,0.4138948,0.117298122,0.102216934,0.0134055
Mexico,2013,2013_1,1,622005,0.214467729,0.380543565,0.266235802,0.105947701,0.010128536,0.271528817,0.451473092,0.200583045,0.128992312,0.014189154,0.286871274,0.554617796,0.148840458,0.161313122,0.008315109
Mexico,2013,2013_2,2,610975,0.173493187,0.298702893,0.242563116,0.072343386,0.021932158,0.214735039,0.373480881,0.177189342,0.091558805,0.023054375,0.264552515,0.438936006,0.145461351,0.119091164,0.040831256
Mexico,2013,2013_3,3,628231,0.129570174,0.270441923,0.222688788,0.060168951,0.014166763,0.147175584,0.330499558,0.144593557,0.074878806,0.018719702,0.182468192,0.400439245,0.130452372,0.09164692,0.020641198
Mexico,2013,2013_4,4,639547,0.142757295,0.294270789,0.243453569,0.074896763,0.011883411,0.164200465,0.339901352,0.178256536,0.079864039,0.01661172,0.201543809,0.427566624,0.125658893,0.115051324,0.012239503
Mexico,2013,2013_5,5,652085,0.130044396,0.299654186,0.220830107,0.0777506,0.014568653,0.157868464,0.365655809,0.152876576,0.092349931,0.018719581,0.167347701,0.417556886,0.125104592,0.11616855,0.021933922
Mexico,2013,2013_6,6,640534,0.170638873,0.359855995,0.220441069,0.098511554,0.009054945,0.197799243,0.405200392,0.131226035,0.10882159,0.008321651,0.231851416,0.51421332,0.132486524,0.149047339,0.012420612
Mexico,2013,2013_7,7,643452,0.171263746,0.329628317,0.239023268,0.090449637,0.011811293,0.193712677,0.395122546,0.161641041,0.105194963,0.019242981,0.224844496,0.44476539,0.111601648,0.14032266,0.010667805
Mexico,2013,2013_8,8,645627,0.19980577,0.285923606,0.22985408,0.080386973,0.01115195,0.194981621,0.318363433,0.14064248,0.088860476,0.0159821,0.276455738,0.421305301,0.127467616,0.133261598,0.0140711
Mexico,2013,2013_9,9,663950,0.126214323,0.255742149,0.204081633,0.080578357,0.008283756,0.139259388,0.301419208,0.13183222,0.092220661,0.012997543,0.171882601,0.385114318,0.106210475,0.138641155,0.012972272
Mexico,2013,2013_10,10,657503,0.111634472,0.232850649,0.218249955,0.0676803,0.0080608,0.1225,0.26875,0.156875,0.079375,0.01125,0.144094578,0.343862062,0.099883742,0.125264037,0.006549754
Mexico,2013,2013_11,11,639129,0.090435577,0.195265744,0.19448343,0.05272801,0.010326554,0.106844525,0.238295668,0.124328175,0.075114939,0.014245937,0.120244862,0.288419495,0.088291682,0.089132555,0.012613097
Mexico,2013,2013_12,12,629385,0.087069123,0.183989132,0.155389785,0.037020266,0.010804198,0.091386198,0.212146531,0.104441369,0.039818272,0.01370793,0.106717104,0.235124677,0.078085686,0.050321887,0.010411425
Mexico,2014,2014_1,1,648704,0.141358771,0.219514601,0.224909974,0.07198969,0.007553522,0.163562363,0.259924685,0.174973691,0.078611368,0.010777365,0.166092264,0.335506374,0.095503052,0.111281817,0.01245692
Mexico,2014,2014_2,2,633981,0.102368998,0.175241845,0.223666009,0.054891235,0.006467071,0.103577301,0.206507244,0.142418789,0.067972604,0.008415656,0.126904641,0.236660007,0.114900148,0.077171741,0.00685971
Mexico,2014,2014_3,3,659716,0.087765038,0.163252066,0.22130735,0.051688909,0.007730599,0.098223838,0.208334637,0.132633462,0.070696138,0.010635702,0.101217094,0.220686451,0.102876391,0.069690458,0.00995578
Mexico,2014,2014_4,4,661796,0.0723788,0.161227931,0.207767953,0.04230911,0.006497471,0.066612712,0.19859304,0.112681317,0.046691154,0.006225487,0.082902769,0.22023665,0.106350017,0.057780718,0.005861812
Mexico,2014,2014_5,5,671458,0.081166655,0.18348132,0.221160519,0.046466049,0.004914678,0.084807738,0.202186565,0.133971645,0.059611236,0.007989135,0.107570479,0.267271268,0.110052875,0.073644405,0.008274652
Mexico,2014,2014_6,6,684368,0.098777266,0.192878685,0.208075188,0.054795081,0.007890492,0.094888626,0.194581739,0.13632733,0.061257214,0.009608975,0.140979768,0.279486207,0.11212426,0.075024321,0.009893317
Mexico,2014,2014_7,7,664696,0.10275374,0.168347636,0.224162625,0.050549424,0.006017789,0.100609315,0.175437493,0.146512315,0.059736781,0.006288082,0.127049836,0.229699371,0.104332315,0.06899395,0.002524169
Mexico,2014,2014_8,8,652547,0.124895218,0.15278593,0.219754286,0.041836067,0.006896055,0.09924343,0.170131594,0.130176447,0.046399526,0.011599881,0.141019168,0.194989467,0.110552064,0.05309981,0.006093421
Mexico,2014,2014_9,9,640408,0.080885935,0.12367116,0.212989219,0.034196949,0.004372213,0.071150218,0.135772894,0.128592596,0.044387292,0.005874789,0.117325691,0.176436344,0.094935292,0.042989566,0.00447808
Mexico,2014,2014_10,10,678594,0.064692585,0.133806076,0.23740263,0.032714701,0.00545245,0.085945867,0.175858467,0.182469688,0.040989567,0.006611221,0.075740293,0.209882739,0.154218187,0.046539216,0.007300269
Mexico,2014,2014_11,11,710938,0.044167002,0.089881255,0.200158101,0.022364819,0.00548571,0.043719983,0.102448319,0.154651284,0.030016705,0.007177908,0.066167726,0.141277037,0.135017928,0.028613071,0.007153268
Mexico,2014,2014_12,12,679958,0.046473459,0.095888275,0.182070069,0.025001544,0.005882716,0.045260916,0.129792332,0.137779553,0.033280085,0.006656017,0.056923694,0.123179142,0.130644544,0.035460662,0.006532227
Mexico,2015,2015_1,1,727051,0.080462031,0.129839585,0.207963403,0.033560232,0.003438548,0.085590383,0.15406269,0.142016636,0.05135423,0.003170014,0.100216118,0.199560792,0.118516453,0.040086447,0.006100112
Mexico,2015,2015_2,2,719758,0.062521014,0.116983764,0.206041475,0.030010087,0.005279552,0.064756971,0.152369343,0.13459292,0.029838996,0.006983595,0.095428201,0.175973105,0.126945772,0.04552538,0.007879393
Mexico,2015,2015_3,3,756698,0.055240003,0.10849771,0.197040299,0.03052737,0.004757512,0.061242502,0.123685838,0.131491255,0.034824168,0.004202917,0.08024819,0.162150982,0.100103413,0.041365047,0.00910031
Mexico,2015,2015_4,4,757585,0.049367398,0.138202314,0.190209679,0.029567639,0.004487945,0.055008789,0.214653863,0.111811344,0.034679454,0.006577138,0.068473939,0.2516211,0.083323708,0.041249361,0.001649974
Mexico,2015,2015_5,5,753483,0.050034307,0.156606055,0.188723568,0.024552644,0.004512378,0.044052087,0.233769743,0.105137648,0.029368058,0.007048334,0.068016062,0.285175776,0.108170122,0.040973531,0.004097353
Mexico,2015,2015_6,6,755450,0.060493745,0.192600437,0.205440466,0.031769144,0.004235886,0.05416424,0.264997088,0.107163658,0.037856727,0.004659289,0.070784806,0.349808634,0.09547718,0.044446274,0.002469237
Mexico,2015,2015_7,7,771835,0.064003317,0.120232951,0.298250274,0.027726133,0.004923332,0.056822747,0.122828969,0.21523768,0.02410662,0.005165704,0.087859165,0.181412906,0.375841984,0.047997136,0.004067554
Mexico,2015,2015_8,8,762101,0.096837558,0.147618229,0.201416873,0.027686619,0.004855,0.080104779,0.190029586,0.124542467,0.036836504,0.008770596,0.118987466,0.266499324,0.094537986,0.039119167,0.005704878
Mexico,2015,2015_9,9,753443,0.054151409,0.144403757,0.19868789,0.026677532,0.005441686,0.051832698,0.194961626,0.10543242,0.035929484,0.006479087,0.073313783,0.247948862,0.079903786,0.035421266,0.006590003
Mexico,2015,2015_10,10,753869,0.046161866,0.085425982,0.202687735,0.023744178,0.005305962,0.054398508,0.086678941,0.107601444,0.021520289,0.005380072,0.059290683,0.130272487,0.099374525,0.045929402,0.0083508
Mexico,2015,2015_11,11,745196,0.035561114,0.071390614,0.194579681,0.01999474,0.004562558,0.032603183,0.074262806,0.125582631,0.023546743,0.005433864,0.041798175,0.085302397,0.149279195,0.024737695,0.005971168
Mexico,2015,2015_12,12,733108,0.03587466,0.081161302,0.147045183,0.017187099,0.005729033,0.023687759,0.08138871,0.085032981,0.017613975,0.006073784,0.035788481,0.104746775,0.070704073,0.025313804,0.006110229
Mexico,2016,2016_1,1,765099,0.065481722,0.092406342,0.201019737,0.026009706,0.004574571,0.056304042,0.087328718,0.111459022,0.026428428,0.00574531,0.062127033,0.112809613,0.109539769,0.043325431,0.009809532
Mexico,2016,2016_2,2,762526,0.051801512,0.073440119,0.19186231,0.017704314,0.003016291,0.044168071,0.070320219,0.104027431,0.022084036,0.002324635,0.064815726,0.091070198,0.086147484,0.020511306,0.003281809
Mexico,2016,2016_3,3,795236,0.046024073,0.07771278,0.188623251,0.019616818,0.003395219,0.042067004,0.084694902,0.123396546,0.016826802,0.004487147,0.050305426,0.08783487,0.086237873,0.027947459,0.004790993
Mexico,2016,2016_4,4,810015,0.044196712,0.078887428,0.196416116,0.019135448,0.005061635,0.035503681,0.084321242,0.114277472,0.0221898,0.006102195,0.061938189,0.094495442,0.094495442,0.028586856,0.009528952
Mexico,2016,2016_5,5,829485,0.04388265,0.084148598,0.203620319,0.018204066,0.006510063,0.032904674,0.076058344,0.127303327,0.018879731,0.007551892,0.049624713,0.102350971,0.093821723,0.024812357,0.01008002
Mexico,2016,2016_6,6,832761,0.061001896,0.104591834,0.205100863,0.023896412,0.005163546,0.043417435,0.087370887,0.10773956,0.021440708,0.004824159,0.074885332,0.120128553,0.088926332,0.030422166,0.008580611
Mexico,2016,2016_7,7,837378,0.055052796,0.098163553,0.198118412,0.019704363,0.005135076,0.037724461,0.103472806,0.10616741,0.022095755,0.00646705,0.065769621,0.136955563,0.102910112,0.024760328,0.003868801
Mexico,2016,2016_8,8,855933,0.082950418,0.088675165,0.208894855,0.016940578,0.005724747,0.062553552,0.079374675,0.120376162,0.019449424,0.006833581,0.089509895,0.125162142,0.124403583,0.025790987,0.012136935
Mexico,2016,2016_9,9,837926,0.048333624,0.077572483,0.193453837,0.016946604,0.005131718,0.036788032,0.073042903,0.110897255,0.018127436,0.004798439,0.041683379,0.092804505,0.099096336,0.021234929,0.006291831
Mexico,2016,2016_10,10,774765,0.044013346,0.068149697,0.209224733,0.01845721,0.003355856,0.033099613,0.066199227,0.114745326,0.018204787,0.004964942,0.047293878,0.063888221,0.109522664,0.026550949,0.001659434
Mexico,2016,2016_11,11,785474,0.039211992,0.077023555,0.192240609,0.016423204,0.005219778,0.025728894,0.076091836,0.103463,0.015875275,0.006021656,0.047554688,0.075920642,0.095109376,0.017520148,0.006674342
Mexico,2016,2016_12,12,756254,0.041123749,0.078148347,0.17811476,0.015206531,0.006875997,0.033739349,0.070909819,0.109223995,0.014868188,0.006862241,0.039296942,0.08484567,0.091097456,0.017862246,0.005358674
Mexico,2017,2017_1,1,794079,0.070144154,0.088152438,0.215217881,0.020023197,0.006296603,0.048492062,0.079901693,0.131148986,0.022041846,0.008265692,0.063554227,0.088460614,0.098766704,0.024906386,0.006870727
Mexico,2017,2017_2,2,767096,0.053187606,0.065441614,0.206884145,0.016555946,0.004953748,0.035973519,0.05338006,0.111982083,0.017986759,0.004061526,0.054091089,0.069416898,0.094659406,0.018030363,0.007212145
Mexico,2017,2017_3,3,760538,0.048123828,0.070739398,0.222474091,0.016698705,0.005259435,0.031034079,0.062653707,0.12237967,0.020494203,0.004684389,0.058664134,0.069838255,0.107085324,0.025141772,0.006518237
Mexico,2017,2017_4,4,753424,0.045525494,0.069283697,0.194180169,0.016060014,0.005309096,0.031971392,0.066311034,0.113676059,0.018353947,0.00414444,0.041342179,0.074031343,0.098067494,0.015383136,0.005768676
Mexico,2017,2017_5,5,771604,0.051192062,0.086184105,0.212155458,0.018403222,0.005961607,0.035956412,0.06843317,0.128747151,0.016238379,0.002899711,0.060039776,0.100379001,0.093812151,0.019700552,0.005628729
Mexico,2017,2017_6,6,755628,0.070272674,0.117253463,0.209494619,0.025276988,0.005955311,0.042411819,0.074809736,0.118399661,0.01943875,0.006479583,0.079271873,0.125269133,0.094930515,0.035231944,0.00391466
Mexico,2017,2017_7,7,770295,0.072180139,0.106193082,0.207193348,0.027392103,0.007140122,0.047886008,0.08701238,0.11153936,0.028030834,0.009343611,0.073287992,0.110420575,0.107489056,0.031269543,0.003908693
Mexico,2017,2017_8,8,774232,0.09751599,0.097903471,0.214406018,0.019761519,0.006974654,0.055327451,0.077458432,0.135697854,0.01514225,0.005241548,0.090896516,0.106704606,0.114608651,0.027664157,0.005928034
Mexico,2017,2017_9,9,869805,0.054839878,0.065991803,0.156126948,0.024373279,0.006438225,0.032828376,0.043418175,0.09583768,0.027533477,0.004765409,0.047045294,0.064469477,0.087120915,0.027878693,0.011325719
Mexico,2017,2017_10,10,802926,0.056045015,0.077715755,0.180589494,0.019055305,0.008718113,0.03623291,0.070767402,0.103037337,0.024343986,0.006227531,0.042796561,0.080729876,0.091429016,0.027234175,0.007781193
Mexico,2017,2017_11,11,775151,0.050441785,0.080887466,0.181900043,0.016512912,0.006837377,0.027017344,0.066956026,0.112180711,0.014683339,0.001174667,0.054533481,0.079227888,0.120385233,0.018520805,0.01131827
Mexico,2017,2017_12,12,767225,0.049007788,0.08419955,0.133728698,0.013816025,0.010427189,0.029435486,0.057693553,0.090072588,0.011774194,0.007653226,0.052506376,0.070722873,0.087867813,0.00857247,0.005357793
Mexico,2018,2018_1,1,797150,0.08793828,0.100608417,0.190428401,0.02308223,0.007025027,0.054486015,0.072080458,0.110107156,0.018162005,0.004540501,0.061393636,0.094136908,0.140182134,0.0337665,0.005116136
Mexico,2018,2018_2,2,789134,0.070963867,0.077426647,0.183745726,0.016220312,0.00747655,0.032196491,0.064392981,0.106938344,0.009773935,0.002299749,0.065740731,0.068871242,0.099132848,0.015652555,0.003130511
Mexico,2018,2018_3,3,811303,0.060643188,0.078885447,0.180943495,0.014421246,0.006779218,0.032245838,0.068451691,0.111446141,0.010182896,0.004525732,0.052203286,0.077793132,0.133067199,0.014330314,0.002047188
Mexico,2018,2018_4,4,834696,0.060620873,0.082065806,0.173955548,0.015933945,0.006349617,0.027593667,0.0579467,0.0993372,0.012141213,0.00331124,0.050563786,0.074834404,0.117307984,0.019214239,0.009101482
Mexico,2018,2018_5,5,853697,0.062082917,0.093944339,0.184491687,0.019679113,0.008551043,0.024958493,0.072705175,0.111228066,0.01464955,0.007596063,0.042698548,0.07844617,0.11717276,0.016880821,0.006950926
Mexico,2018,2018_6,6,868167,0.083739649,0.10873484,0.155615221,0.021078894,0.008754076,0.040111242,0.067386886,0.091453631,0.014974864,0.004813349,0.053130702,0.093229344,0.111273733,0.018044389,0.012029593
Mexico,2018,2018_7,7,879761,0.08468209,0.116167914,0.171751192,0.021937776,0.009093379,0.038035646,0.091071266,0.104464099,0.021428533,0.004285707,0.069181949,0.109287426,0.116305884,0.021055376,0.010026369
Mexico,2018,2018_8,8,857652,0.109135174,0.115198239,0.186439255,0.022969689,0.011543143,0.043555928,0.077739061,0.117435603,0.016540226,0.007718772,0.090773794,0.094995831,0.124550089,0.024276712,0.010555092
Mexico,2018,2018_9,9,871477,0.073209046,0.091339186,0.156974883,0.021572572,0.009409313,0.029816278,0.055837756,0.086738262,0.018973995,0.002710571,0.054331615,0.090552691,0.106532578,0.021306516,0.012783909
Mexico,2018,2018_10,10,884006,0.069004057,0.096945043,0.169455863,0.02013561,0.010067805,0.029675192,0.077695047,0.09657926,0.01510737,0.003776843,0.058424245,0.099852346,0.112599454,0.02124518,0.007435813
Mexico,2018,2018_11,11,870407,0.059857055,0.09145147,0.160729406,0.017348206,0.00850177,0.028657875,0.06668467,0.089831415,0.019288954,0.004408904,0.053771701,0.063648136,0.1196146,0.008779053,0.004389527
Mexico,2018,2018_12,12,880036,0.064429182,0.107041076,0.127608416,0.016249335,0.013408542,0.026757825,0.076450929,0.075358773,0.013105874,0.006552937,0.035601442,0.09234124,0.105691781,0.014463086,0.00890036
Mexico,2019,2019_1,1,915906,0.110928414,0.143246141,0.193906362,0.027841285,0.012665055,0.054452828,0.101051882,0.118853768,0.025655659,0.005759434,0.078976296,0.117397197,0.11632995,0.021344945,0.009605225
Mexico,2019,2019_2,2,882025,0.086732235,0.118930869,0.184348516,0.021427964,0.011564298,0.036138215,0.07672421,0.104522837,0.015567231,0.008339588,0.062698733,0.103005061,0.114201263,0.026870885,0.005598101
Mexico,2019,2019_3,3,904918,0.084538047,0.125425729,0.177585151,0.02652174,0.014586957,0.03505716,0.077235305,0.106267015,0.015885275,0.007120986,0.055496359,0.119872136,0.104333156,0.031077961,0.012209199
Mexico,2019,2019_4,4,916733,0.082248594,0.122172977,0.209657556,0.020943939,0.013635377,0.0333941,0.07718964,0.142335507,0.015875883,0.007116775,0.074623541,0.114719772,0.130312751,0.024503252,0.007796489
Mexico,2019,2019_5,5,923761,0.09645352,0.147873747,0.146141697,0.026522012,0.015155435,0.041419151,0.086108235,0.08828819,0.021254564,0.010899777,0.076415656,0.098890849,0.09551957,0.015732635,0.013485116
Mexico,2019,2019_6,6,912759,0.120623297,0.190411708,0.140124611,0.038345281,0.017857945,0.034813663,0.096018328,0.094333796,0.013476257,0.00786115,0.077528486,0.122166099,0.118642077,0.025842829,0.01174674
Mexico,2019,2019_7,7,933127,0.112846376,0.162035821,0.143281675,0.033007297,0.017789647,0.046674577,0.089412744,0.093911498,0.020806739,0.009559853,0.058072698,0.11021961,0.097182882,0.026073456,0.005925785
Mexico,2019,2019_8,8,928603,0.148610332,0.168209665,0.141718259,0.031983528,0.022076172,0.038476119,0.093361172,0.095624473,0.013013982,0.015277283,0.102412652,0.127420392,0.091695048,0.021435206,0.015480982
Mexico,2019,2019_9,9,926831,0.107247168,0.136270798,0.133789224,0.025247321,0.014889446,0.024560341,0.067969317,0.088531463,0.009709902,0.008567561,0.073791662,0.092239577,0.079940967,0.015988193,0.007379166
Mexico,2019,2019_10,10,949435,0.095741151,0.138819403,0.13439572,0.026542101,0.018642666,0.0402321,0.06403137,0.091797185,0.016999479,0.010199687,0.064085184,0.073944443,0.087500924,0.020950926,0.013556481
Mexico,2019,2019_11,11,945084,0.08919842,0.144325795,0.120730009,0.026029432,0.018622683,0.029582023,0.069024721,0.076565237,0.015081032,0.010440714,0.052507556,0.102453768,0.07940167,0.017929409,0.00640336
Mexico,2019,2019_12,12,940738,0.090248294,0.151583119,0.107575117,0.023811093,0.023492194,0.028887933,0.074283255,0.068977308,0.012380543,0.009432794,0.051705623,0.091479179,0.076895541,0.010606282,0.011932067
Mexico,2020,2020_1,1,965690,0.150462364,0.206173824,0.135447193,0.039867866,0.021539003,0.045973533,0.083217915,0.081472084,0.022113851,0.010474982,0.101627358,0.124064566,0.079190149,0.02507688,0.019797537
Mexico,2020,2020_2,2,939894,0.115438549,0.155336666,0.116183314,0.026492349,0.018512726,0.03545195,0.073391756,0.060952476,0.012439281,0.008707497,0.064506881,0.087442661,0.051605505,0.01146789,0.010034404
Mexico,2020,2020_3,3,977051,0.091704527,0.236016339,0.102246454,0.024870759,0.028657665,0.038434514,0.141126732,0.052246918,0.017415639,0.012010786,0.04151656,0.15937002,0.066962193,0.013392439,0.022767146
Mexico,2020,2020_4,4,1012284,0.045639366,0.265636916,0.087623631,0.027166289,0.025585705,0.017331023,0.190641248,0.046614474,0.02868583,0.014940537,0.019803549,0.171630756,0.047528517,0.023764259,0.010561893
Mexico,2020,2020_5,5,1010201,0.055335522,0.241932051,0.096218475,0.029004129,0.016531364,0.016001871,0.161249623,0.041235591,0.016617328,0.006770022,0.027943108,0.157878559,0.041914662,0.016765865,0.006985777
Mexico,2020,2020_6,6,990957,0.070840612,0.244107464,0.092032248,0.034915743,0.018769735,0.015340266,0.146371707,0.049855865,0.020453688,0.010226844,0.04108056,0.157239386,0.056662842,0.019831995,0.016998853
Mexico,2020,2020_7,7,976504,0.098207483,0.260828425,0.114387652,0.045673136,0.022324537,0.023393485,0.154007109,0.063682264,0.022743666,0.007148009,0.042215722,0.132677985,0.060308175,0.030154087,0.007538522
Mexico,2020,2020_8,8,967286,0.118372436,0.255767167,0.100383961,0.037527681,0.020159498,0.025826275,0.139726771,0.046354853,0.014568668,0.009270971,0.050369904,0.165276247,0.048795844,0.020462773,0.012592476
Mexico,2020,2020_9,9,955302,0.106039765,0.206531547,0.111064355,0.033078545,0.022820009,0.020310342,0.106967801,0.050098844,0.012186205,0.008801148,0.041069111,0.121564569,0.049282933,0.031212524,0.021355938
Mexico,2020,2020_10,10,952305,0.09881288,0.19699571,0.113514053,0.033497671,0.021211692,0.017169858,0.102332354,0.05563034,0.016483064,0.008928326,0.052053598,0.114182087,0.057091043,0.015112335,0.008395742
Mexico,2020,2020_11,11,946611,0.086941732,0.191947907,0.105323095,0.026938204,0.018064443,0.029227964,0.102297875,0.048713274,0.017397598,0.009046751,0.037517053,0.088676671,0.042633015,0.011937244,0.018758527
Mexico,2020,2020_12,12,905142,0.078219771,0.184390957,0.092250719,0.024637018,0.020991181,0.02666609,0.10666436,0.049728655,0.008648462,0.008648462,0.024761231,0.102582243,0.051291121,0.008843297,0.005305978
Mexico,2021,2021_1,1,929564,0.11822747,0.223115353,0.116291078,0.036791442,0.021730618,0.025589082,0.100934712,0.055443011,0.017059388,0.011372925,0.062342039,0.124684078,0.064026959,0.02190396,0.01010952
Mexico,2021,2021_2,2,913427,0.117579183,0.191914625,0.124695241,0.029559012,0.023866166,0.026105874,0.102973169,0.05728789,0.015228426,0.006526468,0.064659315,0.115338238,0.071649512,0.015727942,0.01922304
Mexico,2021,2021_3,3,923128,0.113527052,0.180473347,0.116560217,0.029031727,0.024265324,0.02628735,0.088354704,0.04381225,0.013873879,0.012413471,0.063177666,0.104157773,0.061470161,0.017075045,0.020490054
Mexico,2021,2021_4,4,869426,0.109152475,0.177358395,0.113293138,0.028869622,0.020703315,0.024430465,0.089323887,0.058022354,0.009161424,0.006871068,0.059778277,0.119556554,0.070647055,0.012680241,0.012680241
Mexico,2021,2021_5,5,772357,0.107333785,0.165726471,0.110829578,0.027707394,0.020845283,0.026856903,0.091481326,0.069660092,0.00923206,0.013428452,0.059252237,0.077027908,0.059252237,0.007900298,0.019750746
Mexico,2021,2021_6,6,561142,0.058630436,0.093559206,0.072708869,0.014969473,0.010870689,0.011693308,0.039757247,0.033910593,0.008185316,0,0.037339154,0.063189338,0.034466912,0.002872243,0.002872243
United States,2012,2012_1,1,3336615,0.232870739,0.266167958,0.659470751,1.279290538,0.012977224,0.194850192,0.236290162,0.554088081,1.179941408,0.01495681,0.355700238,0.403619218,0.600165595,1.843859536,0.016025364
United States,2012,2012_2,2,3406979,0.203494063,0.241357519,0.651045985,1.222960282,0.01179931,0.177575621,0.220959043,0.532457401,1.122444993,0.011182683,0.312775758,0.375608111,0.585049288,1.733279741,0.014476081
United States,2012,2012_3,3,3572889,0.236251392,0.257242808,0.705171641,1.334158436,0.015085831,0.194812274,0.234185129,0.600339863,1.187982943,0.017570297,0.365520418,0.392890304,0.631714635,1.929282688,0.018688041
United States,2012,2012_4,4,3595021,0.248538187,0.265061039,0.704057083,1.354484438,0.014547898,0.204839248,0.235218485,0.609097384,1.175840314,0.015252646,0.37776005,0.396393301,0.614169423,1.977890483,0.020671263
United States,2012,2012_5,5,3675931,0.368233245,0.335887698,0.697347148,1.503836715,0.014200484,0.295609884,0.30278368,0.585530205,1.355229079,0.017068688,0.532871102,0.491859033,0.603892003,2.147917816,0.017290803
United States,2012,2012_6,6,3766976,0.347546679,0.329733983,0.634195705,1.392947553,0.020838997,0.281714865,0.308777045,0.516375667,1.261926559,0.030475429,0.509651902,0.48238426,0.554207791,2.020476031,0.024878209
United States,2012,2012_7,7,3869100,0.289912383,0.287276111,0.621203898,1.26233491,0.015740095,0.243054564,0.26934681,0.496102561,1.147817149,0.016536752,0.440050415,0.421618984,0.52909049,1.803569735,0.019651158
United States,2012,2012_8,8,4012172,0.376155359,0.284135376,0.636463242,1.299470711,0.015926536,0.292778102,0.24856122,0.514208858,1.145829124,0.0189336,0.560539872,0.430712783,0.544751854,1.916221732,0.018397608
United States,2012,2012_9,9,4065804,0.272541421,0.258103932,0.575162994,1.163066395,0.013699627,0.216660053,0.248448885,0.460036253,1.060078638,0.016458048,0.419227435,0.367851524,0.481520727,1.650836464,0.018110009
United States,2012,2012_10,10,4244790,0.236572363,0.246773103,0.580028694,1.13466155,0.01309841,0.195456918,0.241199864,0.476157162,1.052087762,0.015068265,0.371722977,0.358561375,0.485995195,1.588494547,0.015867725
United States,2012,2012_11,11,4277151,0.200974901,0.23384725,0.551067755,1.029166377,0.013537048,0.167819305,0.216381614,0.461556809,0.941807958,0.016867882,0.307117428,0.343177709,0.471324816,1.422808007,0.014157896
United States,2012,2012_12,12,4227447,0.14862398,0.212350385,0.511845565,0.848124175,0.013577935,0.129013173,0.200051389,0.426985022,0.77807359,0.014466749,0.219168097,0.306096567,0.446093267,1.181414545,0.019331119
United States,2013,2013_1,1,4364773,0.233230915,0.265397536,0.648922636,1.226043141,0.014777401,0.196387804,0.24598174,0.527955704,1.096821175,0.018205369,0.340980249,0.392902515,0.542419409,1.730261426,0.017067041
United States,2013,2013_2,2,4367065,0.185296074,0.213392748,0.624378158,1.05743789,0.011128756,0.155010992,0.194601637,0.499282027,0.955307608,0.012568459,0.273948445,0.295448808,0.522652082,1.44209457,0.013528318
United States,2013,2013_3,3,4477166,0.211718752,0.213996979,0.655168917,1.095112399,0.012775939,0.176888656,0.192589436,0.519451125,0.975589365,0.013559764,0.297522776,0.299300093,0.560684101,1.487258418,0.017180726
United States,2013,2013_4,4,4541732,0.229097622,0.223108717,0.670801359,1.145576181,0.014003468,0.196800348,0.201155683,0.535706147,1.00881702,0.017016191,0.321842965,0.303304434,0.568475816,1.536703357,0.014314561
United States,2013,2013_5,5,4517785,0.337953223,0.27327551,0.648083076,1.265885827,0.013944887,0.278256504,0.231829401,0.519983552,1.093230724,0.013570999,0.452459241,0.366913208,0.543566359,1.68843969,0.018103102
United States,2013,2013_6,6,4511078,0.319812692,0.270157155,0.579262872,1.179319001,0.013876949,0.255518265,0.231611318,0.459442478,1.040258685,0.015018467,0.439900229,0.358928282,0.503470311,1.549002826,0.015981305
United States,2013,2013_7,7,4544504,0.261084598,0.232016519,0.593090027,1.082340339,0.015095157,0.21978628,0.193130045,0.463266992,0.93919825,0.017055906,0.361103096,0.318703515,0.520690407,1.45006566,0.01495763
United States,2013,2013_8,8,4593424,0.342685544,0.223732884,0.565090442,1.068854084,0.014455448,0.269324705,0.187373912,0.420781912,0.927561569,0.014973725,0.462488177,0.306372046,0.487101081,1.425907542,0.016056989
United States,2013,2013_9,9,4625826,0.243113338,0.198256484,0.509595475,0.989185499,0.012905803,0.190823953,0.167385903,0.384162718,0.852823128,0.013278209,0.35495621,0.262364053,0.435783163,1.316291043,0.013412333
United States,2013,2013_10,10,4670383,0.200197714,0.185659292,0.53479554,0.947502592,0.012161743,0.162621666,0.163824044,0.419229235,0.818318634,0.014829332,0.282375783,0.246709749,0.440629045,1.266144195,0.012754741
United States,2013,2013_11,11,4643598,0.168533107,0.160758963,0.489684938,0.801705919,0.011392028,0.128579884,0.137064338,0.381800442,0.699866471,0.012928692,0.233163489,0.206621653,0.428478082,1.02227729,0.013211408
United States,2013,2013_12,12,4637780,0.120531806,0.157812574,0.442841187,0.69500925,0.011772874,0.102136926,0.145104874,0.350888138,0.612016535,0.013383459,0.159920943,0.195110782,0.383231801,0.892881891,0.014220551
United States,2014,2014_1,1,4812194,0.170317323,0.187544392,0.540169411,0.964923692,0.011533201,0.136185126,0.15405821,0.401852973,0.843823247,0.01136495,0.229950633,0.238100782,0.464907787,1.21006427,0.014204545
United States,2014,2014_2,2,4927514,0.140577987,0.154093931,0.520384113,0.805030691,0.010471812,0.111034652,0.130096395,0.39667487,0.67469039,0.008291858,0.186869032,0.189147923,0.438344614,1.007953328,0.013217566
United States,2014,2014_3,3,5090870,0.172878113,0.155297621,0.551948881,0.849029734,0.011059013,0.138321881,0.131508455,0.419632374,0.712329688,0.012413502,0.228719261,0.196519307,0.475917533,1.069016341,0.011397235
United States,2014,2014_4,4,5075288,0.180088302,0.153015947,0.558313144,0.846533241,0.011979616,0.146281222,0.123026258,0.417932953,0.685552573,0.012565182,0.229486181,0.198649674,0.458637183,1.071233449,0.014524442
United States,2014,2014_5,5,5082046,0.238486625,0.177330154,0.537854242,0.899519603,0.011570143,0.182090238,0.133964379,0.410430084,0.724139387,0.011914199,0.288733776,0.213270541,0.449079135,1.122866033,0.012334258
United States,2014,2014_6,6,4998651,0.245006103,0.180708755,0.534704263,0.862012571,0.01156312,0.185109799,0.136336055,0.395566582,0.704530966,0.010849278,0.298985609,0.217632108,0.466518668,1.060008549,0.01286948
United States,2014,2014_7,7,5050843,0.194541782,0.157142085,0.561153851,0.777375183,0.012631555,0.139930626,0.118072432,0.405665186,0.629401467,0.013363088,0.243883467,0.202702394,0.467633964,0.993378999,0.0140702
United States,2014,2014_8,8,5078159,0.234415661,0.139775064,0.555713202,0.701376227,0.010791312,0.164403563,0.104812062,0.416661477,0.569472481,0.010155465,0.29709631,0.169151386,0.450425326,0.86362824,0.0102447
United States,2014,2014_9,9,5070340,0.178844022,0.131963537,0.553730125,0.693701014,0.010433225,0.129489565,0.100820998,0.424544911,0.55951806,0.010870966,0.228751972,0.156240604,0.46386459,0.858918551,0.01040833
United States,2014,2014_10,10,5107758,0.146717993,0.116313263,0.559717199,0.65363316,0.00969114,0.109886518,0.091331752,0.424452298,0.541068524,0.010286839,0.183679705,0.144096555,0.466780246,0.810644395,0.009837917
United States,2014,2014_11,11,5107598,0.118529297,0.106605884,0.485374926,0.553959023,0.008457987,0.083696145,0.08070355,0.363745185,0.457481007,0.009267393,0.144304309,0.12825767,0.407630812,0.677768478,0.008889145
United States,2014,2014_12,12,5093965,0.090715189,0.102081581,0.466257621,0.661292333,0.008088002,0.073004019,0.081286797,0.361360263,0.621304653,0.007223353,0.113614311,0.114202377,0.379184823,0.703914754,0.007409629
United States,2015,2015_1,1,5255800,0.121808288,0.122169793,0.55258952,0.754423684,0.008885422,0.092993644,0.091508715,0.414387843,0.623577137,0.009002379,0.155204124,0.14585997,0.456268218,0.862055213,0.009230201
United States,2015,2015_2,2,5264773,0.100099283,0.098256848,0.551856652,0.589237181,0.007749622,0.076903071,0.074572675,0.420962752,0.493577894,0.006991188,0.126708546,0.107258671,0.444162364,0.664821772,0.009213099
United States,2015,2015_3,3,5424603,0.12187067,0.106035409,0.592688534,0.598071416,0.008148062,0.091318054,0.082131676,0.4346703,0.485877536,0.008458744,0.149443365,0.111158998,0.474524664,0.684528974,0.007724039
United States,2015,2015_4,4,5462452,0.115827105,0.098344114,0.584206507,0.588380456,0.007505787,0.090430981,0.07513148,0.426018259,0.454067345,0.006830135,0.134722081,0.106863917,0.470022944,0.696342669,0.007354555
United States,2015,2015_5,5,5447324,0.142804063,0.117525596,0.561027763,0.58654488,0.008022288,0.101459305,0.084641322,0.414292161,0.460426736,0.007535927,0.159611896,0.130387182,0.448374544,0.677338932,0.007755789
United States,2015,2015_6,6,5446045,0.153818046,0.122364027,0.568063613,0.594302838,0.00941968,0.109977829,0.087131299,0.42353951,0.468122616,0.008972119,0.169644645,0.13596603,0.461488049,0.672662067,0.009216107
United States,2015,2015_7,7,5541512,0.124099704,0.102354736,0.584280969,0.53322992,0.008860398,0.092602993,0.080091544,0.432421276,0.428311676,0.007397281,0.14344015,0.113105716,0.466518791,0.639278469,0.007555417
United States,2015,2015_8,8,5626906,0.15971477,0.102418629,0.586467945,0.530007077,0.008032834,0.110945233,0.073690896,0.430878212,0.422336974,0.007632596,0.187181891,0.114519153,0.482185909,0.622935083,0.008706134
United States,2015,2015_9,9,5702094,0.119043986,0.091633004,0.536925558,0.483436436,0.007102654,0.085430349,0.067085305,0.389472463,0.399724105,0.005755308,0.141625137,0.101557211,0.423321531,0.564724686,0.007658413
United States,2015,2015_10,10,5748981,0.095999621,0.082205873,0.563717292,0.449105676,0.007149093,0.070036633,0.062453049,0.422896358,0.376681102,0.007494366,0.115961512,0.090365401,0.46774111,0.518933332,0.005675659
United States,2015,2015_11,11,5730754,0.081559948,0.0814727,0.522496691,0.404030604,0.006229547,0.058387919,0.065394469,0.404763017,0.332631481,0.006108275,0.104918432,0.088690447,0.436690573,0.476922453,0.00518394
United States,2015,2015_12,12,5691037,0.06215036,0.077648415,0.49316144,0.355910531,0.006905596,0.045290633,0.063099525,0.386642789,0.296242324,0.006689634,0.082474227,0.083050164,0.412140759,0.413407821,0.006796061
United States,2016,2016_1,1,5853297,0.086788694,0.096355951,0.581022969,0.473322984,0.007807566,0.060596208,0.069290068,0.43808363,0.36766336,0.00808529,0.111863816,0.126669321,0.476079239,0.615360657,0.009102644
United States,2016,2016_2,2,5896595,0.074585418,0.078452056,0.603551711,0.4124075,0.006868371,0.054514753,0.060436484,0.458847022,0.331616902,0.006792573,0.08994167,0.085554271,0.495227607,0.472193765,0.007458577
United States,2016,2016_3,3,6015191,0.082674017,0.078019135,0.62283974,0.435031905,0.007032196,0.058596653,0.060143192,0.464563201,0.359999966,0.008076372,0.095299579,0.080697224,0.517011194,0.487806485,0.005928776
United States,2016,2016_4,4,6100414,0.084223792,0.080535518,0.573928261,0.43870793,0.006868386,0.059150991,0.059833831,0.421141401,0.357125176,0.007425882,0.101860256,0.087386523,0.47665376,0.493848119,0.005550078
United States,2016,2016_5,5,6189593,0.105855102,0.095725196,0.561830156,0.480241593,0.007157175,0.076082633,0.066857931,0.423151463,0.367718621,0.00575486,0.121556746,0.104083638,0.461095909,0.522251787,0.006687239
United States,2016,2016_6,6,6262968,0.110953784,0.101692999,0.548094769,0.488921546,0.007632164,0.076281697,0.071819302,0.411550699,0.376104127,0.00783024,0.121348168,0.110612271,0.451992105,0.539180602,0.007265708
United States,2016,2016_7,7,6371819,0.088593226,0.083508336,0.521577904,0.426047884,0.007878441,0.063776202,0.062357098,0.387916246,0.33841456,0.007429427,0.102067508,0.092031581,0.423537451,0.493895701,0.007900623
United States,2016,2016_8,8,6406918,0.121446849,0.082535784,0.571288723,0.44445707,0.007944537,0.079152277,0.06318809,0.435462895,0.356227036,0.007689556,0.137596533,0.089437746,0.460625892,0.519964397,0.007202319
United States,2016,2016_9,9,6557141,0.091793054,0.074514182,0.497015391,0.40168421,0.006923749,0.061219565,0.057225213,0.365442493,0.323134963,0.007255048,0.106591545,0.081318351,0.395805707,0.453225557,0.007190699
United States,2016,2016_10,10,6700807,0.074020935,0.065947281,0.467272076,0.366582712,0.00634252,0.051638333,0.050353397,0.34323831,0.295454783,0.006424676,0.086350773,0.075466222,0.368416142,0.410606736,0.006323406
United States,2016,2016_11,11,6842303,0.059585201,0.066702688,0.419171732,0.34459158,0.00583137,0.044071442,0.055623381,0.302486753,0.287532529,0.005380356,0.068199582,0.068097943,0.33540778,0.376266546,0.004878659
United States,2016,2016_12,12,6533570,0.048472734,0.061222272,0.392465375,0.303540025,0.006030394,0.036996144,0.049548408,0.294813025,0.249311071,0.005945809,0.052808673,0.065495767,0.319237647,0.327478836,0.004988088
United States,2017,2017_1,1,6949268,0.065604032,0.068611543,0.453529782,0.373262335,0.006015022,0.04302337,0.056165053,0.32682116,0.292950034,0.005475702,0.07269015,0.06906571,0.359624951,0.389727935,0.004329192
United States,2017,2017_2,2,6845217,0.055147996,0.057222437,0.472037629,0.337827128,0.005945757,0.039140163,0.048645631,0.336206008,0.289557325,0.006310353,0.061192362,0.056747647,0.368911386,0.357334452,0.004754812
United States,2017,2017_3,3,6919108,0.064097858,0.059299551,0.523766936,0.362127604,0.005896714,0.039787557,0.049536301,0.361179075,0.294998577,0.004438453,0.069457494,0.062605186,0.380095496,0.380614611,0.005294966
United States,2017,2017_4,4,6800617,0.058994647,0.053818646,0.484617793,0.331558151,0.00601416,0.039524863,0.041299448,0.321038681,0.261267409,0.00621105,0.062072982,0.057068814,0.355402426,0.350930616,0.00511064
United States,2017,2017_5,5,6819181,0.072501375,0.063614677,0.482594611,0.357931546,0.00607111,0.047897697,0.046679959,0.332604855,0.273909881,0.006169873,0.072383706,0.065484966,0.356505671,0.369560211,0.005412858
United States,2017,2017_6,6,6805735,0.076523697,0.065356644,0.474364635,0.371480817,0.006156572,0.046055126,0.048333472,0.325152446,0.282270729,0.006509558,0.073471172,0.061352216,0.35318101,0.377959947,0.005410248
United States,2017,2017_7,7,6917335,0.068653607,0.063044511,0.46650914,0.359285765,0.006375288,0.042395542,0.049353589,0.324924614,0.283014517,0.005258989,0.071072824,0.068174083,0.345809012,0.370501987,0.00569012
United States,2017,2017_8,8,7205316,0.083632696,0.060316577,0.486002279,0.355612439,0.006273146,0.055632977,0.047370653,0.34355527,0.28941738,0.005665593,0.08535331,0.0676443,0.360048885,0.372712886,0.007413074
United States,2017,2017_9,9,7198174,0.063780064,0.054083161,0.436332881,0.317205447,0.005862598,0.036105843,0.044190413,0.300463411,0.245990682,0.006043804,0.06816661,0.055157715,0.333131782,0.330946288,0.004370989
United States,2017,2017_10,10,7192469,0.059812562,0.052123965,0.451861523,0.317443148,0.006437289,0.037637647,0.041023461,0.33015618,0.254723407,0.007086586,0.055261679,0.056417341,0.352792238,0.327472724,0.006408674
United States,2017,2017_11,11,7155184,0.051696784,0.050229316,0.403847057,0.312640458,0.006065532,0.029827303,0.04109187,0.291926796,0.260909574,0.005711611,0.053092307,0.056077417,0.30320185,0.312903456,0.004264442
United States,2017,2017_12,12,7128636,0.038506665,0.049644841,0.329305634,0.258871403,0.006017982,0.022844741,0.042199314,0.248039953,0.208061655,0.004362711,0.037258428,0.055185671,0.250657422,0.251089404,0.005075786
United States,2018,2018_1,1,7326282,0.055362324,0.057123108,0.411491122,0.346615104,0.005882929,0.033258985,0.050935089,0.295221948,0.2701808,0.006202142,0.055736603,0.062269059,0.315559784,0.346430908,0.005794921
United States,2018,2018_2,2,7230189,0.043996084,0.044825937,0.392894294,0.297765383,0.004882307,0.027411306,0.035073833,0.287305247,0.228690869,0.004976692,0.044150395,0.043828129,0.317001984,0.302714873,0.004511719
United States,2018,2018_3,3,7380901,0.053679083,0.049045503,0.404611849,0.330623592,0.006313592,0.03209804,0.039204906,0.287086123,0.26022061,0.006013501,0.050272872,0.046430359,0.313164768,0.325012515,0.004696404
United States,2018,2018_4,4,7323201,0.052149327,0.047670411,0.381390597,0.328449267,0.004984159,0.034003089,0.036691705,0.264117015,0.25257178,0.00466554,0.053776466,0.047366746,0.290936112,0.32678709,0.003585098
United States,2018,2018_5,5,7382965,0.062549396,0.059298669,0.433132217,0.366356877,0.005661682,0.033297826,0.040951592,0.25817651,0.265593561,0.004339764,0.059140825,0.057519048,0.274188544,0.356250493,0.004757214
United States,2018,2018_6,6,7379133,0.064858568,0.062107567,0.413436104,0.3549604,0.006843622,0.033240927,0.045567108,0.244376478,0.250022664,0.005566662,0.062988848,0.062550665,0.272769099,0.333128848,0.004272287
United States,2018,2018_7,7,7397586,0.060425117,0.056221043,0.422286405,0.348857046,0.006191209,0.030293609,0.044164893,0.246175432,0.245139072,0.004783201,0.055896283,0.05855274,0.280256215,0.332389184,0.003874
United States,2018,2018_8,8,7534677,0.074707914,0.060812162,0.428697873,0.359059851,0.006317457,0.04055788,0.047752358,0.248723375,0.265721318,0.005850454,0.070025936,0.061245254,0.279115917,0.339153828,0.004829375
United States,2018,2018_9,9,7660335,0.057438741,0.05427961,0.379069584,0.332883614,0.006722944,0.029487704,0.041141995,0.221353321,0.251153892,0.005709821,0.052840159,0.058167664,0.24691358,0.322368457,0.00565368
United States,2018,2018_10,10,7734246,0.058312084,0.053347152,0.38756202,0.335404382,0.006516472,0.03103017,0.042988901,0.231749257,0.256292012,0.00476786,0.04998423,0.04998423,0.259852514,0.307217483,0.004256299
United States,2018,2018_11,11,7738491,0.046262249,0.052581311,0.343581197,0.29198199,0.006241527,0.024267842,0.041624453,0.198069568,0.216054473,0.004398055,0.037539268,0.052467164,0.217113077,0.265738503,0.005158905
United States,2018,2018_12,12,7697937,0.036931973,0.055417445,0.315656,0.284517787,0.006975895,0.018857786,0.044264511,0.187315417,0.214221296,0.00575991,0.035869139,0.059669102,0.209011049,0.247812885,0.005865394
United States,2019,2019_1,1,7935125,0.056999732,0.067270522,0.365652715,0.397208614,0.008052803,0.029940604,0.055186151,0.238447276,0.29517279,0.006080482,0.049445899,0.069509312,0.272445807,0.352699461,0.007126349
United States,2019,2019_2,2,7793348,0.04856706,0.056638046,0.337595601,0.352467258,0.006813503,0.024525866,0.044672114,0.227103153,0.267634536,0.005335172,0.042836836,0.051967845,0.257021014,0.313385271,0.004396412
United States,2019,2019_3,3,7955129,0.056831259,0.064826102,0.337945494,0.397341137,0.007567445,0.028444526,0.047433807,0.214949214,0.282081446,0.005357972,0.048165025,0.062054474,0.238808913,0.346564154,0.004816502
United States,2019,2019_4,4,7876831,0.060950908,0.061027081,0.33204978,0.405619976,0.00771884,0.030287362,0.046110312,0.208335498,0.269549533,0.005114489,0.047671193,0.055386096,0.238586261,0.344637394,0.006563425
United States,2019,2019_5,5,7849404,0.073814521,0.072718897,0.312915477,0.445142077,0.00849746,0.036604614,0.044217078,0.198167016,0.283766744,0.005587873,0.045703469,0.060745117,0.227128885,0.345032264,0.005669544
United States,2019,2019_6,6,7694935,0.07732359,0.088590742,0.296038888,0.462343087,0.01458102,0.032640337,0.052457684,0.187099073,0.281023308,0.007077624,0.050686322,0.074033482,0.218471354,0.35613492,0.011976004
United States,2019,2019_7,7,7736949,0.075701675,0.078984623,0.306903923,0.465622819,0.009629119,0.031016616,0.048201497,0.19532085,0.274622792,0.005700351,0.049694532,0.061473977,0.215097567,0.336941197,0.006135127
United States,2019,2019_8,8,7789053,0.088534511,0.083925478,0.306571287,0.486451947,0.010527596,0.036558657,0.058088582,0.195373515,0.293397996,0.006923348,0.058657341,0.061132334,0.207775686,0.346251561,0.005568735
United States,2019,2019_9,9,7826318,0.07776326,0.086196344,0.285357687,0.464739613,0.011359109,0.027881781,0.055933057,0.182714652,0.257546302,0.00661027,0.046972532,0.061541553,0.212255561,0.328054157,0.00678213
United States,2019,2019_10,10,7963066,0.074129738,0.088006303,0.297360338,0.494558252,0.012495187,0.029228732,0.05862593,0.191713528,0.291781925,0.008591731,0.043452816,0.063923362,0.223292216,0.331673084,0.008665446
United States,2019,2019_11,11,7902531,0.062536926,0.082973417,0.262460217,0.437163739,0.01124956,0.019503599,0.055516824,0.168346856,0.253290163,0.007613247,0.034991943,0.065464631,0.191358152,0.294526279,0.007101686
United States,2019,2019_12,12,7915638,0.052352066,0.096947334,0.237580344,0.444386163,0.013694411,0.017951147,0.061927163,0.157437573,0.248911121,0.008417284,0.029438049,0.069915366,0.185039163,0.296088945,0.007753772
United States,2020,2020_1,1,8110825,0.071546359,0.096525323,0.297676254,0.549944056,0.013648427,0.023659313,0.06178655,0.187742604,0.310209334,0.008510544,0.043345378,0.067816643,0.218809551,0.361081317,0.00846081
United States,2020,2020_2,2,7818119,0.065386572,0.08837164,0.285912762,0.490002774,0.011678001,0.019644286,0.058843158,0.173300276,0.275378803,0.007893594,0.034210483,0.064420546,0.201538368,0.294375686,0.00703522
United States,2020,2020_3,3,8291520,0.048290301,0.403581008,0.251075798,0.452365791,0.075402339,0.017470406,0.219714019,0.157233652,0.250093591,0.038899623,0.02222863,0.328221595,0.181893701,0.279572651,0.050300214
United States,2020,2020_4,4,7633563,0.025047281,0.28641933,0.183046894,0.302846783,0.028165091,0.008123787,0.165916411,0.129311581,0.183693169,0.015769705,0.011161329,0.230149435,0.133935951,0.17815742,0.019355723
United States,2020,2020_5,5,7476349,0.036073757,0.144642793,0.188822111,0.328435711,0.012037961,0.010370424,0.076083011,0.133918066,0.176895494,0.006082652,0.012740095,0.110314231,0.131747566,0.189302817,0.007044523
United States,2020,2020_6,6,7516178,0.04986577,0.121098782,0.200341184,0.357814836,0.012360005,0.013230813,0.070194008,0.135843081,0.180181454,0.006665906,0.013605751,0.080122754,0.139836882,0.198190435,0.006802875
United States,2020,2020_7,7,7427472,0.062295758,0.14344046,0.226456592,0.463145469,0.014082853,0.015081919,0.07633298,0.147638654,0.227870361,0.006668876,0.023651584,0.105013032,0.162880574,0.263636321,0.006937798
United States,2020,2020_8,8,7425243,0.079391341,0.142486919,0.233621984,0.478893418,0.012457505,0.022402844,0.070718656,0.148664037,0.226196462,0.005265185,0.028104188,0.108241272,0.164770838,0.25502543,0.00658441
United States,2020,2020_9,9,7452211,0.073857275,0.135905975,0.245725732,0.469672692,0.012667382,0.018023561,0.075512506,0.163247887,0.224983763,0.006422188,0.029525419,0.094254224,0.181532661,0.237825631,0.005677965
United States,2020,2020_10,10,7543661,0.075732459,0.139706702,0.246153691,0.494468137,0.013918971,0.018966131,0.073609091,0.164749037,0.235487578,0.00543354,0.025560167,0.105914942,0.182595443,0.261033206,0.007029046
United States,2020,2020_11,11,7671445,0.068930951,0.144731534,0.22102746,0.471892844,0.01529047,0.01670546,0.076946363,0.149944163,0.235901351,0.007492146,0.021024861,0.109796495,0.163215215,0.237191577,0.007786985
United States,2020,2020_12,12,7348947,0.05843014,0.178964415,0.223705519,0.487797776,0.015158634,0.015267511,0.099970824,0.148073941,0.246894473,0.007215467,0.019939092,0.14536791,0.167011198,0.25767442,0.005453427
United States,2021,2021_1,1,7649007,0.067773503,0.140423456,0.263589771,0.51938768,0.013400432,0.021981355,0.082633611,0.163842504,0.280974629,0.006411228,0.026436405,0.106223384,0.190788028,0.284589487,0.006051707
United States,2021,2021_2,2,7265714,0.063104603,0.122052698,0.298222583,0.506433366,0.01274479,0.017372857,0.071865359,0.181281987,0.261024481,0.006474357,0.025100314,0.090291408,0.218930517,0.282029918,0.005054924
United States,2021,2021_3,3,7090217,0.074341871,0.110151777,0.354784628,0.587386818,0.011762687,0.019218515,0.060352879,0.191735589,0.290637886,0.005169893,0.024749571,0.075715354,0.225312761,0.380043413,0.004399924
United States,2021,2021_4,4,5550532,0.070317584,0.079650023,0.350975366,0.430967698,0.010431433,0.019516809,0.04359229,0.194455802,0.208274272,0.004131295,0.026954564,0.043652081,0.234242314,0.242829609,0.004293647
United States,2021,2021_5,5,4191227,0.067402696,0.076254519,0.35462169,0.40243585,0.009472167,0.020254332,0.041032482,0.17914607,0.208305324,0.004888977,0.024825919,0.050848269,0.231808284,0.22762078,0.002991075
United States,2021,2021_6,6,2804097,0.039228315,0.034164296,0.273136058,0.206126964,0.004422101,0.013186176,0.017405752,0.123950051,0.095467911,0.001582341,0.016663413,0.025233169,0.14044877,0.122833161,0.00190439